"[0.010326862335205078, 0.0007960796356201172]"
"[0.009813070297241211, 0.0006945133209228516]"
"[0.012393474578857422, 0.0008015632629394531]"
"[0.010556459426879883, 0.0007603168487548828]"
"[0.011733770370483398, 0.0011789798736572266]"
"[0.014078617095947266, 0.0011076927185058594]"
"[0.015379905700683594, 0.0019161701202392578]"
"[0.014644861221313477, 0.0010464191436767578]"
"[0.015179157257080078, 0.0010912418365478516]"
"[0.012074470520019531, 0.0015096664428710938]"
"[0.012499809265136719, 0.0010368824005126953]"
"[0.012412548065185547, 0.0010678768157958984]"
"[0.01908111572265625, 0.002274036407470703]"
"[0.011991500854492188, 0.0024127960205078125]"
"[0.012445449829101562, 0.0016603469848632812]"
"[0.011383056640625, 0.002559185028076172]"
"[0.012968778610229492, 0.002685070037841797]"
"[0.011008739471435547, 0.0009019374847412109]"
"[0.017783164978027344, 0.001338958740234375]"
"[0.015378952026367188, 0.0017271041870117188]"
"[0.010447502136230469, 0.000835418701171875]"
"[0.011348485946655273, 0.0009322166442871094]"
"[0.010345458984375, 0.0008537769317626953]"
"[0.011056661605834961, 0.0018434524536132812]"
"[0.011825799942016602, 0.0008723735809326172]"
"[0.011522293090820312, 0.0011780261993408203]"
"[0.011311769485473633, 0.0010018348693847656]"
"[0.012230157852172852, 0.0014753341674804688]"
"[0.010649681091308594, 0.0007486343383789062]"
"[0.012804746627807617, 0.0009603500366210938]"
"[0.010394096374511719, 0.0008041858673095703]"
"[0.010489940643310547, 0.0007021427154541016]"
"[0.010821104049682617, 0.0007345676422119141]"
"[0.011155366897583008, 0.0008385181427001953]"
"[0.011891841888427734, 0.000881195068359375]"
"[0.012151479721069336, 0.0010001659393310547]"
"[0.010293006896972656, 0.0007681846618652344]"
"[0.010916471481323242, 0.001016855239868164]"
"[0.012974977493286133, 0.003517627716064453]"
"[0.012914896011352539, 0.0008392333984375]"
"[0.010298013687133789, 0.0007684230804443359]"
"[0.010516166687011719, 0.0010762214660644531]"
"[0.010354757308959961, 0.0020313262939453125]"
"[0.01224207878112793, 0.0008521080017089844]"
"[0.010925054550170898, 0.0008263587951660156]"
"[0.010460615158081055, 0.0007579326629638672]"
"[0.010410547256469727, 0.0008459091186523438]"
"[0.01067209243774414, 0.0008673667907714844]"
"[0.010854005813598633, 0.0009655952453613281]"
"[0.01123952865600586, 0.0009293556213378906]"
"[0.010638236999511719, 0.0008003711700439453]"
"[0.01051950454711914, 0.0006823539733886719]"
"[0.01979827880859375, 0.001367807388305664]"
"[0.010307788848876953, 0.0007367134094238281]"
"[0.011912345886230469, 0.0007178783416748047]"
"[0.0113677978515625, 0.0009355545043945312]"
"[0.010393381118774414, 0.002198457717895508]"
"[0.01163482666015625, 0.0008611679077148438]"
"[0.010821104049682617, 0.0009496212005615234]"
"[0.011999845504760742, 0.0013592243194580078]"
"[0.010622501373291016, 0.0008554458618164062]"
"[0.010509490966796875, 0.0012853145599365234]"
"[0.011385917663574219, 0.0019290447235107422]"
"[0.01163935661315918, 0.0009548664093017578]"
"[0.010601520538330078, 0.0024497509002685547]"
"[0.01256704330444336, 0.0009903907775878906]"
"[0.010433435440063477, 0.0008096694946289062]"
"[0.010356664657592773, 0.0008759498596191406]"
"[0.01133418083190918, 0.0007574558258056641]"
"[0.010841846466064453, 0.0010924339294433594]"
"[0.01008462905883789, 0.0008258819580078125]"
"[0.011547088623046875, 0.0014820098876953125]"
"[0.011789083480834961, 0.0008592605590820312]"
"[0.010001182556152344, 0.0006937980651855469]"
"[0.010204792022705078, 0.0009562969207763672]"
"[0.010355472564697266, 0.0010559558868408203]"
"[0.010192155838012695, 0.0007326602935791016]"
"[0.010269403457641602, 0.0006573200225830078]"
"[0.010641336441040039, 0.0008327960968017578]"
"[0.011790990829467773, 0.0009012222290039062]"
"[0.010643959045410156, 0.0009255409240722656]"
"[0.011360645294189453, 0.0010285377502441406]"
"[0.010529279708862305, 0.0007135868072509766]"
"[0.01150059700012207, 0.0013458728790283203]"
"[0.010257959365844727, 0.0022165775299072266]"
"[0.011459827423095703, 0.001737356185913086]"
"[0.010279417037963867, 0.0008411407470703125]"
"[0.01247096061706543, 0.0014445781707763672]"
"[0.01089930534362793, 0.0007746219635009766]"
"[0.01102137565612793, 0.0016102790832519531]"
"[0.010814666748046875, 0.002406597137451172]"
"[0.011373281478881836, 0.0012853145599365234]"
"[0.010574579238891602, 0.0007867813110351562]"
"[0.010255098342895508, 0.000926971435546875]"
"[0.011936426162719727, 0.0013039112091064453]"
"[0.009889841079711914, 0.0006806850433349609]"
"[0.010430335998535156, 0.0015759468078613281]"
"[0.010110139846801758, 0.0009865760803222656]"
"[0.010543107986450195, 0.0007290840148925781]"
"[0.010196685791015625, 0.0008602142333984375]"
"[0.011675119400024414, 0.002450704574584961]"
"[0.011494159698486328, 0.0012238025665283203]"
"[0.01416921615600586, 0.0069963932037353516]"
"[0.013404369354248047, 0.001306295394897461]"
"[0.014876365661621094, 0.0026504993438720703]"
"[0.01404261589050293, 0.0032558441162109375]"
"[0.01645350456237793, 0.0015552043914794922]"
"[0.01379537582397461, 0.0014591217041015625]"
"[0.016171693801879883, 0.0012552738189697266]"
"[0.015283823013305664, 0.002231121063232422]"
"[0.014516592025756836, 0.0014603137969970703]"
"[0.01504659652709961, 0.000865936279296875]"
"[0.012447357177734375, 0.0021674633026123047]"
"[0.011341094970703125, 0.0008525848388671875]"
"[0.010315179824829102, 0.0014238357543945312]"
"[0.01027989387512207, 0.0008587837219238281]"
"[0.010728836059570312, 0.0007839202880859375]"
"[0.011427640914916992, 0.0019161701202392578]"
"[0.01034688949584961, 0.0009801387786865234]"
"[0.0118865966796875, 0.0016245841979980469]"
"[0.010189294815063477, 0.0008368492126464844]"
"[0.010113954544067383, 0.0007796287536621094]"
"[0.01432180404663086, 0.0012738704681396484]"
"[0.012999773025512695, 0.0010037422180175781]"
"[0.012008190155029297, 0.0009071826934814453]"
"[0.010639190673828125, 0.0007109642028808594]"
"[0.011123418807983398, 0.0010268688201904297]"
"[0.012713909149169922, 0.0012714862823486328]"
"[0.010050058364868164, 0.0007483959197998047]"
"[0.01029515266418457, 0.0006711483001708984]"
"[0.011059045791625977, 0.0007715225219726562]"
"[0.010901212692260742, 0.0006759166717529297]"
"[0.010984182357788086, 0.0007500648498535156]"
"[0.010081291198730469, 0.0012710094451904297]"
"[0.010682344436645508, 0.0007417201995849609]"
"[0.010116100311279297, 0.0009131431579589844]"
"[0.01029825210571289, 0.0010943412780761719]"
"[0.01059412956237793, 0.0009031295776367188]"
"[0.010507822036743164, 0.0009436607360839844]"
"[0.010210275650024414, 0.0010945796966552734]"
"[0.011258602142333984, 0.0013124942779541016]"
"[0.012016773223876953, 0.0008935928344726562]"
"[0.011940240859985352, 0.0008518695831298828]"
"[0.011087656021118164, 0.0014154911041259766]"
"[0.010067939758300781, 0.0009751319885253906]"
"[0.011246204376220703, 0.0014982223510742188]"
"[0.010206460952758789, 0.0008068084716796875]"
"[0.01186823844909668, 0.0013017654418945312]"
"[0.010782957077026367, 0.0007448196411132812]"
"[0.0102996826171875, 0.0006735324859619141]"
"[0.011092185974121094, 0.00081634521484375]"
"[0.01092982292175293, 0.0010037422180175781]"
"[0.011346578598022461, 0.0009028911590576172]"
"[0.012009859085083008, 0.0008370876312255859]"
"[0.010454416275024414, 0.0007946491241455078]"
"[0.010087013244628906, 0.0006587505340576172]"
"[0.011749267578125, 0.0007736682891845703]"
"[0.010982751846313477, 0.00484156608581543]"
"[0.010209321975708008, 0.001186370849609375]"
"[0.01076960563659668, 0.0014433860778808594]"
"[0.01054525375366211, 0.0017642974853515625]"
"[0.012694597244262695, 0.0011487007141113281]"
"[0.01193547248840332, 0.0007386207580566406]"
"[0.010769844055175781, 0.0008127689361572266]"
"[0.01134037971496582, 0.0007569789886474609]"
"[0.011027812957763672, 0.0006780624389648438]"
"[0.011351823806762695, 0.0015332698822021484]"
"[0.012018442153930664, 0.0008420944213867188]"
"[0.010551929473876953, 0.0018923282623291016]"
"[0.010982036590576172, 0.0009360313415527344]"
"[0.010537385940551758, 0.0007376670837402344]"
"[0.011855840682983398, 0.001550912857055664]"
"[0.01108407974243164, 0.0008249282836914062]"
"[0.010998249053955078, 0.00103759765625]"
"[0.011223077774047852, 0.0007436275482177734]"
"[0.01131582260131836, 0.003286123275756836]"
"[0.012130498886108398, 0.0012705326080322266]"
"[0.013195991516113281, 0.0008652210235595703]"
"[0.010068178176879883, 0.0009067058563232422]"
"[0.010114192962646484, 0.0007140636444091797]"
"[0.010437488555908203, 0.0022149085998535156]"
"[0.010101079940795898, 0.0006592273712158203]"
"[0.01109766960144043, 0.0007188320159912109]"
"[0.010107755661010742, 0.0006928443908691406]"
"[0.010776996612548828, 0.0007967948913574219]"
"[0.010306358337402344, 0.0008471012115478516]"
"[0.011934518814086914, 0.0017101764678955078]"
"[0.013945817947387695, 0.0008883476257324219]"
"[0.010115623474121094, 0.0007278919219970703]"
"[0.011025190353393555, 0.0008084774017333984]"
"[0.013036966323852539, 0.0022423267364501953]"
"[0.011027812957763672, 0.0012047290802001953]"
"[0.010988950729370117, 0.0006952285766601562]"
"[0.011896371841430664, 0.0012629032135009766]"
"[0.010434627532958984, 0.0007197856903076172]"
"[0.010285139083862305, 0.00067901611328125]"
"[0.011729955673217773, 0.0007882118225097656]"
"[0.01068735122680664, 0.0013339519500732422]"
"[0.010111808776855469, 0.0007410049438476562]"
"[0.011128902435302734, 0.0012898445129394531]"
"[0.010466575622558594, 0.0011699199676513672]"
"[0.0111541748046875, 0.001516103744506836]"
"[0.011528491973876953, 0.0007462501525878906]"
"[0.012325763702392578, 0.0015859603881835938]"
"[0.010227203369140625, 0.0007345676422119141]"
"[0.010500192642211914, 0.0006744861602783203]"
"[0.010816335678100586, 0.0007781982421875]"
"[0.011782407760620117, 0.0021240711212158203]"
"[0.010608196258544922, 0.0008158683776855469]"
"[0.010394096374511719, 0.0006873607635498047]"
"[0.011485576629638672, 0.0009038448333740234]"
"[0.010688304901123047, 0.001008749008178711]"
"[0.010850667953491211, 0.0014867782592773438]"
"[0.012665033340454102, 0.0015494823455810547]"
"[0.010888338088989258, 0.0007698535919189453]"
"[0.01039743423461914, 0.0006785392761230469]"
"[0.01188349723815918, 0.000797271728515625]"
"[0.011639595031738281, 0.0012996196746826172]"
"[0.010217666625976562, 0.0009958744049072266]"
"[0.009902238845825195, 0.0007369518280029297]"
"[0.010900259017944336, 0.002124309539794922]"
"[0.012481927871704102, 0.0009446144104003906]"
"[0.010613441467285156, 0.0007531642913818359]"
"[0.010373592376708984, 0.0006768703460693359]"
"[0.010421037673950195, 0.0008933544158935547]"
"[0.010270357131958008, 0.000919342041015625]"
"[0.010993719100952148, 0.0010421276092529297]"
"[0.013663530349731445, 0.0029306411743164062]"
"[0.010331869125366211, 0.0007507801055908203]"
"[0.010825872421264648, 0.0009181499481201172]"
"[0.012810468673706055, 0.0009109973907470703]"
"[0.011526107788085938, 0.0015382766723632812]"
"[0.010308265686035156, 0.0010445117950439453]"
"[0.01044607162475586, 0.0012485980987548828]"
"[0.011155843734741211, 0.0014102458953857422]"
"[0.010411739349365234, 0.0012042522430419922]"
"[0.011246681213378906, 0.0010399818420410156]"
"[0.012862205505371094, 0.0020248889923095703]"
"[0.010916948318481445, 0.0007929801940917969]"
"[0.01123046875, 0.0019164085388183594]"
"[0.010144710540771484, 0.0007746219635009766]"
"[0.010382413864135742, 0.0007092952728271484]"
"[0.01064300537109375, 0.0008189678192138672]"
"[0.011288166046142578, 0.0015227794647216797]"
"[0.010773658752441406, 0.0007619857788085938]"
"[0.010930061340332031, 0.0012664794921875]"
"[0.010479450225830078, 0.0007524490356445312]"
"[0.011638879776000977, 0.002398252487182617]"
"[0.010367155075073242, 0.002125263214111328]"
"[0.010339021682739258, 0.0006532669067382812]"
"[0.010511636734008789, 0.0016100406646728516]"
"[0.01224064826965332, 0.002060413360595703]"
"[0.012302398681640625, 0.0018951892852783203]"
"[0.011550664901733398, 0.0007948875427246094]"
"[0.010416507720947266, 0.000843048095703125]"
"[0.010959148406982422, 0.0013909339904785156]"
"[0.010731697082519531, 0.0011882781982421875]"
"[0.012298107147216797, 0.0010662078857421875]"
"[0.011652231216430664, 0.0008344650268554688]"
"[0.01222372055053711, 0.0024688243865966797]"
"[0.010658502578735352, 0.0012001991271972656]"
"[0.01318812370300293, 0.0011568069458007812]"
"[0.010331869125366211, 0.0007424354553222656]"
"[0.01094508171081543, 0.0009546279907226562]"
"[0.01017308235168457, 0.0018374919891357422]"
"[0.012676715850830078, 0.0015950202941894531]"
"[0.010544776916503906, 0.0008625984191894531]"
"[0.010129690170288086, 0.0007317066192626953]"
"[0.010116338729858398, 0.0010564327239990234]"
"[0.010497331619262695, 0.0009455680847167969]"
"[0.010309219360351562, 0.0008130073547363281]"
"[0.010576486587524414, 0.0010688304901123047]"
"[0.011288166046142578, 0.0007436275482177734]"
"[0.011403560638427734, 0.001374959945678711]"
"[0.011366605758666992, 0.0007989406585693359]"
"[0.011084556579589844, 0.0016624927520751953]"
"[0.010401248931884766, 0.0007724761962890625]"
"[0.010539531707763672, 0.0006928443908691406]"
"[0.010630369186401367, 0.0011153221130371094]"
"[0.010630607604980469, 0.0007884502410888672]"
"[0.010300397872924805, 0.0008447170257568359]"
"[0.011765718460083008, 0.0011789798736572266]"
"[0.010347366333007812, 0.0007843971252441406]"
"[0.010272979736328125, 0.0007207393646240234]"
"[0.011354684829711914, 0.0014264583587646484]"
"[0.01190805435180664, 0.0007879734039306641]"
"[0.013724565505981445, 0.0017809867858886719]"
"[0.010566949844360352, 0.0009996891021728516]"
"[0.015467405319213867, 0.0014340877532958984]"
"[0.015219688415527344, 0.001611948013305664]"
"[0.01085352897644043, 0.0008907318115234375]"
"[0.013991355895996094, 0.0013628005981445312]"
"[0.010393619537353516, 0.0008311271667480469]"
"[0.010944366455078125, 0.000675201416015625]"
"[0.017209291458129883, 0.00107574462890625]"
"[0.018122196197509766, 0.0029611587524414062]"
"[0.013290882110595703, 0.0014295578002929688]"
"[0.01175069808959961, 0.0007529258728027344]"
"[0.014548778533935547, 0.0014348030090332031]"
"[0.015197992324829102, 0.0009288787841796875]"
"[0.01055288314819336, 0.0007741451263427734]"
"[0.010728597640991211, 0.0006897449493408203]"
"[0.010467052459716797, 0.000820159912109375]"
"[0.011471271514892578, 0.001260995864868164]"
"[0.010368108749389648, 0.0009222030639648438]"
"[0.0104217529296875, 0.0025620460510253906]"
"[0.010424137115478516, 0.0007114410400390625]"
"[0.010519742965698242, 0.0014188289642333984]"
"[0.011260032653808594, 0.001607656478881836]"
"[0.014080047607421875, 0.0025565624237060547]"
"[0.010581493377685547, 0.00090789794921875]"
"[0.01113438606262207, 0.001714944839477539]"
"[0.01057577133178711, 0.0009424686431884766]"
"[0.009975910186767578, 0.0017201900482177734]"
"[0.010889530181884766, 0.0008077621459960938]"
"[0.010493755340576172, 0.0013723373413085938]"
"[0.010212421417236328, 0.001338958740234375]"
"[0.012493133544921875, 0.0009424686431884766]"
"[0.010320186614990234, 0.0007927417755126953]"
"[0.010126829147338867, 0.0007219314575195312]"
"[0.010071039199829102, 0.002237558364868164]"
"[0.011260747909545898, 0.0015153884887695312]"
"[0.010053157806396484, 0.00080108642578125]"
"[0.012439250946044922, 0.0014848709106445312]"
"[0.01082301139831543, 0.0008401870727539062]"
"[0.010760068893432617, 0.0010228157043457031]"
"[0.010193109512329102, 0.0008852481842041016]"
"[0.010308265686035156, 0.0007567405700683594]"
"[0.010358095169067383, 0.0007522106170654297]"
"[0.01022791862487793, 0.0008985996246337891]"
"[0.010759592056274414, 0.0008444786071777344]"
"[0.010807037353515625, 0.0006773471832275391]"
"[0.01042032241821289, 0.0009055137634277344]"
"[0.010747432708740234, 0.0008749961853027344]"
"[0.010348796844482422, 0.0008304119110107422]"
"[0.011236190795898438, 0.0012390613555908203]"
"[0.010181903839111328, 0.0010406970977783203]"
"[0.010152816772460938, 0.0007424354553222656]"
"[0.010210990905761719, 0.0008368492126464844]"
"[0.010703802108764648, 0.001104593276977539]"
"[0.010134458541870117, 0.0009152889251708984]"
"[0.010156631469726562, 0.0013096332550048828]"
"[0.011974334716796875, 0.0014042854309082031]"
"[0.012346267700195312, 0.0009486675262451172]"
"[0.010599613189697266, 0.0011036396026611328]"
"[0.010344505310058594, 0.0015041828155517578]"
"[0.010226726531982422, 0.001260995864868164]"
"[0.012314081192016602, 0.0008795261383056641]"
"[0.010166168212890625, 0.0008223056793212891]"
"[0.01015019416809082, 0.0010025501251220703]"
"[0.010673284530639648, 0.0008091926574707031]"
"[0.01108241081237793, 0.0013659000396728516]"
"[0.010781526565551758, 0.0007796287536621094]"
"[0.010572671890258789, 0.000762939453125]"
"[0.010510444641113281, 0.0016808509826660156]"
"[0.010307073593139648, 0.0011093616485595703]"
"[0.010242700576782227, 0.0007832050323486328]"
"[0.01033163070678711, 0.0017218589782714844]"
"[0.011958122253417969, 0.001409292221069336]"
"[0.011623620986938477, 0.0012180805206298828]"
"[0.010647773742675781, 0.0008702278137207031]"
"[0.011436939239501953, 0.0011973381042480469]"
"[0.010292530059814453, 0.0008502006530761719]"
"[0.010234594345092773, 0.0008566379547119141]"
"[0.010155200958251953, 0.0007622241973876953]"
"[0.010834217071533203, 0.0010502338409423828]"
"[0.010228157043457031, 0.0007917881011962891]"
"[0.010432004928588867, 0.0008380413055419922]"
"[0.010253429412841797, 0.0007555484771728516]"
"[0.010088920593261719, 0.0016803741455078125]"
"[0.0103912353515625, 0.0007441043853759766]"
"[0.010890960693359375, 0.001176595687866211]"
"[0.010200977325439453, 0.001210927963256836]"
"[0.01167440414428711, 0.0017132759094238281]"
"[0.010140657424926758, 0.0008630752563476562]"
"[0.010605812072753906, 0.0010025501251220703]"
"[0.010259151458740234, 0.0022025108337402344]"
"[0.011383056640625, 0.0010693073272705078]"
"[0.010193109512329102, 0.0017321109771728516]"
"[0.010113239288330078, 0.0018465518951416016]"
"[0.010219097137451172, 0.0019080638885498047]"
"[0.011075258255004883, 0.0015130043029785156]"
"[0.010558843612670898, 0.0018529891967773438]"
"[0.010087013244628906, 0.0007126331329345703]"
"[0.010658979415893555, 0.0023572444915771484]"
"[0.011786460876464844, 0.0014033317565917969]"
"[0.010311365127563477, 0.0008025169372558594]"
"[0.010150432586669922, 0.0007796287536621094]"
"[0.010294198989868164, 0.0007402896881103516]"
"[0.010894536972045898, 0.0016398429870605469]"
"[0.010189294815063477, 0.0008172988891601562]"
"[0.010682106018066406, 0.0006906986236572266]"
"[0.010398387908935547, 0.0008950233459472656]"
"[0.010300159454345703, 0.0007653236389160156]"
"[0.010273456573486328, 0.0007486343383789062]"
"[0.010676145553588867, 0.0014307498931884766]"
"[0.010263681411743164, 0.0008101463317871094]"
"[0.009980201721191406, 0.0009446144104003906]"
"[0.01059579849243164, 0.0018541812896728516]"
"[0.01257014274597168, 0.0007998943328857422]"
"[0.010164976119995117, 0.0018467903137207031]"
"[0.011340856552124023, 0.0014262199401855469]"
"[0.010176420211791992, 0.0021736621856689453]"
"[0.011572837829589844, 0.001432180404663086]"
"[0.010024070739746094, 0.0009801387786865234]"
"[0.010593175888061523, 0.000743865966796875]"
"[0.010575532913208008, 0.0007970333099365234]"
"[0.011117696762084961, 0.0015170574188232422]"
"[0.010478496551513672, 0.001107931137084961]"
"[0.010272502899169922, 0.0006864070892333984]"
"[0.01077127456665039, 0.0008044242858886719]"
"[0.010902166366577148, 0.0014138221740722656]"
"[0.01067972183227539, 0.0008194446563720703]"
"[0.010241270065307617, 0.0007047653198242188]"
"[0.010419130325317383, 0.0008294582366943359]"
"[0.010709047317504883, 0.0023479461669921875]"
"[0.010249853134155273, 0.0008969306945800781]"
"[0.010342121124267578, 0.0007176399230957031]"
"[0.011658906936645508, 0.0015857219696044922]"
"[0.011698246002197266, 0.00081634521484375]"
"[0.010504484176635742, 0.0007944107055664062]"
"[0.010942220687866211, 0.0013952255249023438]"
"[0.010953664779663086, 0.0008842945098876953]"
"[0.012314319610595703, 0.0017240047454833984]"
"[0.010226011276245117, 0.0007958412170410156]"
"[0.01007986068725586, 0.0006797313690185547]"
"[0.00995016098022461, 0.0007321834564208984]"
"[0.011413812637329102, 0.0009796619415283203]"
"[0.010180473327636719, 0.0008008480072021484]"
"[0.010320901870727539, 0.0006711483001708984]"
"[0.011321544647216797, 0.0012013912200927734]"
"[0.011700868606567383, 0.0009369850158691406]"
"[0.010379314422607422, 0.0010342597961425781]"
"[0.010300874710083008, 0.0017728805541992188]"
"[0.010253190994262695, 0.0008549690246582031]"
"[0.011373281478881836, 0.0009884834289550781]"
"[0.010649919509887695, 0.001241922378540039]"
"[0.011923551559448242, 0.0011157989501953125]"
"[0.010432243347167969, 0.0008382797241210938]"
"[0.010176420211791992, 0.0007534027099609375]"
"[0.010037422180175781, 0.0008082389831542969]"
"[0.010467052459716797, 0.001386404037475586]"
"[0.010215044021606445, 0.0007622241973876953]"
"[0.01053309440612793, 0.0007650852203369141]"
"[0.010276556015014648, 0.0009138584136962891]"
"[0.010833024978637695, 0.0018041133880615234]"
"[0.010309457778930664, 0.000782012939453125]"
"[0.010446548461914062, 0.0007326602935791016]"
"[0.010818719863891602, 0.0008006095886230469]"
"[0.010514259338378906, 0.0010230541229248047]"
"[0.011177778244018555, 0.0008080005645751953]"
"[0.012112140655517578, 0.0014960765838623047]"
"[0.01074838638305664, 0.0015795230865478516]"
"[0.012217044830322266, 0.0010476112365722656]"
"[0.010617971420288086, 0.0012292861938476562]"
"[0.011135101318359375, 0.0012621879577636719]"
"[0.010318756103515625, 0.0008103847503662109]"
"[0.010242700576782227, 0.0016007423400878906]"
"[0.014636754989624023, 0.002608060836791992]"
"[0.015897750854492188, 0.0009968280792236328]"
"[0.01228785514831543, 0.001180887222290039]"
"[0.013455390930175781, 0.0011894702911376953]"
"[0.012854337692260742, 0.0010826587677001953]"
"[0.01387476921081543, 0.0014753341674804688]"
"[0.011216163635253906, 0.0012154579162597656]"
"[0.011690616607666016, 0.0009047985076904297]"
"[0.010227680206298828, 0.0007946491241455078]"
"[0.010833978652954102, 0.0020377635955810547]"
"[0.010575532913208008, 0.0009086132049560547]"
"[0.010244131088256836, 0.0014264583587646484]"
"[0.011651992797851562, 0.0008976459503173828]"
"[0.012651920318603516, 0.0008940696716308594]"
"[0.010246038436889648, 0.000858306884765625]"
"[0.010493040084838867, 0.0007650852203369141]"
"[0.010425806045532227, 0.0014302730560302734]"
"[0.010617971420288086, 0.0018301010131835938]"
"[0.010059833526611328, 0.0015323162078857422]"
"[0.010318279266357422, 0.0006837844848632812]"
"[0.01002192497253418, 0.0007200241088867188]"
"[0.010965347290039062, 0.0014271736145019531]"
"[0.010348081588745117, 0.0009400844573974609]"
"[0.010279655456542969, 0.000644683837890625]"
"[0.010160207748413086, 0.0008046627044677734]"
"[0.01059579849243164, 0.0006761550903320312]"
"[0.010517358779907227, 0.0010418891906738281]"
"[0.011609315872192383, 0.00147247314453125]"
"[0.010820627212524414, 0.0009038448333740234]"
"[0.010310649871826172, 0.0010051727294921875]"
"[0.01021432876586914, 0.002468585968017578]"
"[0.01186823844909668, 0.0009348392486572266]"
"[0.01055002212524414, 0.0008337497711181641]"
"[0.010443687438964844, 0.00069427490234375]"
"[0.010675430297851562, 0.00205230712890625]"
"[0.012687206268310547, 0.0009655952453613281]"
"[0.010386943817138672, 0.0007219314575195312]"
"[0.010901689529418945, 0.0008509159088134766]"
"[0.010660171508789062, 0.0007290840148925781]"
"[0.011253833770751953, 0.0015513896942138672]"
"[0.010358333587646484, 0.0010349750518798828]"
"[0.010586261749267578, 0.0014698505401611328]"
"[0.014963150024414062, 0.002604246139526367]"
"[0.014400005340576172, 0.0032444000244140625]"
"[0.01292562484741211, 0.001218557357788086]"
"[0.012511253356933594, 0.0010585784912109375]"
"[0.016373634338378906, 0.0008809566497802734]"
"[0.013600349426269531, 0.002925872802734375]"
"[0.016440153121948242, 0.0012929439544677734]"
"[0.014197349548339844, 0.0010051727294921875]"
"[0.010212898254394531, 0.0007772445678710938]"
"[0.011508941650390625, 0.001337289810180664]"
"[0.011090993881225586, 0.0012526512145996094]"
"[0.013780832290649414, 0.0010056495666503906]"
"[0.010402441024780273, 0.0008456707000732422]"
"[0.010310888290405273, 0.0007102489471435547]"
"[0.010223865509033203, 0.0007998943328857422]"
"[0.010070085525512695, 0.0015058517456054688]"
"[0.010360002517700195, 0.0009675025939941406]"
"[0.012251138687133789, 0.0009357929229736328]"
"[0.010118722915649414, 0.0020971298217773438]"
"[0.010189533233642578, 0.0009298324584960938]"
"[0.010414600372314453, 0.0008554458618164062]"
"[0.010895967483520508, 0.0007836818695068359]"
"[0.010288238525390625, 0.0008747577667236328]"
"[0.011562347412109375, 0.0018994808197021484]"
"[0.010290861129760742, 0.0007834434509277344]"
"[0.010447025299072266, 0.0007452964782714844]"
"[0.011914968490600586, 0.0014963150024414062]"
"[0.014353275299072266, 0.001600503921508789]"
"[0.010297298431396484, 0.0008432865142822266]"
"[0.0105133056640625, 0.0006959438323974609]"
"[0.012749671936035156, 0.0013058185577392578]"
"[0.016759634017944336, 0.0010645389556884766]"
"[0.012331485748291016, 0.0008473396301269531]"
"[0.01350545883178711, 0.0014638900756835938]"
"[0.015857934951782227, 0.0008900165557861328]"
"[0.017972469329833984, 0.001500844955444336]"
"[0.014184951782226562, 0.0022923946380615234]"
"[0.012737035751342773, 0.0010597705841064453]"
"[0.01029205322265625, 0.0009052753448486328]"
"[0.012156009674072266, 0.0012614727020263672]"
"[0.010229349136352539, 0.0007886886596679688]"
"[0.01040506362915039, 0.0006780624389648438]"
"[0.010137796401977539, 0.0008208751678466797]"
"[0.010166168212890625, 0.0017254352569580078]"
"[0.011599063873291016, 0.0011038780212402344]"
"[0.011341094970703125, 0.0023505687713623047]"
"[0.010341405868530273, 0.0008714199066162109]"
"[0.010364055633544922, 0.0006878376007080078]"
"[0.010506629943847656, 0.0007812976837158203]"
"[0.010727167129516602, 0.0010731220245361328]"
"[0.010631322860717773, 0.0007281303405761719]"
"[0.010795831680297852, 0.0012612342834472656]"
"[0.01021122932434082, 0.0012259483337402344]"
"[0.010327339172363281, 0.0008137226104736328]"
"[0.010514020919799805, 0.0007381439208984375]"
"[0.010522603988647461, 0.0014009475708007812]"
"[0.010278940200805664, 0.0015947818756103516]"
"[0.011180400848388672, 0.0014963150024414062]"
"[0.010451078414916992, 0.0008306503295898438]"
"[0.01012563705444336, 0.0006868839263916016]"
"[0.010535001754760742, 0.001041412353515625]"
"[0.010202646255493164, 0.0010802745819091797]"
"[0.010216951370239258, 0.0007250308990478516]"
"[0.010553359985351562, 0.0007436275482177734]"
"[0.010179758071899414, 0.001504659652709961]"
"[0.009757280349731445, 0.001415252685546875]"
"[0.01019144058227539, 0.000835418701171875]"
"[0.010394096374511719, 0.001245737075805664]"
"[0.01002192497253418, 0.001039266586303711]"
"[0.010109186172485352, 0.001611471176147461]"
"[0.011765003204345703, 0.0014657974243164062]"
"[0.011958837509155273, 0.0007824897766113281]"
"[0.01047825813293457, 0.0007548332214355469]"
"[0.010600805282592773, 0.0014128684997558594]"
"[0.01053309440612793, 0.00090789794921875]"
"[0.01144266128540039, 0.002056121826171875]"
"[0.010193824768066406, 0.0008215904235839844]"
"[0.010601043701171875, 0.0007517337799072266]"
"[0.010170221328735352, 0.0007300376892089844]"
"[0.010878801345825195, 0.001348257064819336]"
"[0.010233163833618164, 0.0007748603820800781]"
"[0.010226964950561523, 0.0007421970367431641]"
"[0.010899066925048828, 0.0008234977722167969]"
"[0.010238885879516602, 0.0009593963623046875]"
"[0.010376214981079102, 0.0009284019470214844]"
"[0.010981559753417969, 0.0012497901916503906]"
"[0.01037907600402832, 0.0008609294891357422]"
"[0.010030746459960938, 0.0006809234619140625]"
"[0.010291099548339844, 0.0008904933929443359]"
"[0.010039091110229492, 0.0011355876922607422]"
"[0.010443925857543945, 0.0007355213165283203]"
"[0.012408971786499023, 0.0013608932495117188]"
"[0.010595560073852539, 0.0013203620910644531]"
"[0.012553930282592773, 0.0015926361083984375]"
"[0.010083913803100586, 0.0009098052978515625]"
"[0.011513948440551758, 0.0013916492462158203]"
"[0.01035451889038086, 0.002414226531982422]"
"[0.012840509414672852, 0.0011780261993408203]"
"[0.010139942169189453, 0.0010552406311035156]"
"[0.010158777236938477, 0.0006670951843261719]"
"[0.010378599166870117, 0.0008854866027832031]"
"[0.010913848876953125, 0.0012736320495605469]"
"[0.010498046875, 0.0007395744323730469]"
"[0.010730266571044922, 0.001226663589477539]"
"[0.014386177062988281, 0.0007715225219726562]"
"[0.016386985778808594, 0.000812530517578125]"
"[0.014900922775268555, 0.0008077621459960938]"
"[0.016581058502197266, 0.0012042522430419922]"
"[0.010617256164550781, 0.0018947124481201172]"
"[0.010038137435913086, 0.0007107257843017578]"
"[0.010514259338378906, 0.0021677017211914062]"
"[0.011440038681030273, 0.0012364387512207031]"
"[0.010273218154907227, 0.0010025501251220703]"
"[0.010925054550170898, 0.001314401626586914]"
"[0.010343313217163086, 0.0021314620971679688]"
"[0.010956048965454102, 0.0013546943664550781]"
"[0.010412216186523438, 0.0007195472717285156]"
"[0.01183176040649414, 0.0009489059448242188]"
"[0.011002063751220703, 0.0007584095001220703]"
"[0.010379791259765625, 0.0009725093841552734]"
"[0.01056218147277832, 0.0010154247283935547]"
"[0.011179208755493164, 0.0015230178833007812]"
"[0.010558128356933594, 0.0008268356323242188]"
"[0.010359764099121094, 0.0007634162902832031]"
"[0.011070728302001953, 0.0012726783752441406]"
"[0.011907100677490234, 0.0007462501525878906]"
"[0.01003265380859375, 0.0019154548645019531]"
"[0.01121830940246582, 0.0019788742065429688]"
"[0.010292530059814453, 0.0009477138519287109]"
"[0.012825489044189453, 0.0007946491241455078]"
"[0.010175704956054688, 0.0007543563842773438]"
"[0.0106964111328125, 0.0006926059722900391]"
"[0.010136842727661133, 0.0008497238159179688]"
"[0.011647224426269531, 0.0015001296997070312]"
"[0.01021718978881836, 0.00079345703125]"
"[0.010285615921020508, 0.0006735324859619141]"
"[0.010610818862915039, 0.0007851123809814453]"
"[0.010960578918457031, 0.0023767948150634766]"
"[0.010254621505737305, 0.0007402896881103516]"
"[0.010457992553710938, 0.0007131099700927734]"
"[0.010645389556884766, 0.0014495849609375]"
"[0.012090444564819336, 0.0008022785186767578]"
"[0.010182380676269531, 0.0011296272277832031]"
"[0.010797500610351562, 0.0012013912200927734]"
"[0.010382413864135742, 0.0009360313415527344]"
"[0.012772560119628906, 0.001772165298461914]"
"[0.01016998291015625, 0.001007080078125]"
"[0.010289192199707031, 0.0006718635559082031]"
"[0.010159730911254883, 0.0021173954010009766]"
"[0.011640071868896484, 0.0021309852600097656]"
"[0.010196208953857422, 0.002111196517944336]"
"[0.010126352310180664, 0.0010118484497070312]"
"[0.011189460754394531, 0.0007944107055664062]"
"[0.01202249526977539, 0.0071027278900146484]"
"[0.010343074798583984, 0.0009539127349853516]"
"[0.010658025741577148, 0.001245737075805664]"
"[0.010225772857666016, 0.0007991790771484375]"
"[0.010384559631347656, 0.000881195068359375]"
"[0.010525226593017578, 0.0007293224334716797]"
"[0.010866403579711914, 0.0008008480072021484]"
"[0.011123180389404297, 0.001203775405883789]"
"[0.010409832000732422, 0.0009288787841796875]"
"[0.010247945785522461, 0.0007369518280029297]"
"[0.010282278060913086, 0.0009541511535644531]"
"[0.010197162628173828, 0.0007650852203369141]"
"[0.010871410369873047, 0.0010905265808105469]"
"[0.010503768920898438, 0.0007793903350830078]"
"[0.012453079223632812, 0.0009198188781738281]"
"[0.010725259780883789, 0.0011715888977050781]"
"[0.0121307373046875, 0.0008697509765625]"
"[0.01037740707397461, 0.0007729530334472656]"
"[0.010492801666259766, 0.0010368824005126953]"
"[0.010730981826782227, 0.001154184341430664]"
"[0.0113525390625, 0.0020074844360351562]"
"[0.01003265380859375, 0.0007495880126953125]"
"[0.01036214828491211, 0.0006792545318603516]"
"[0.010190725326538086, 0.0008823871612548828]"
"[0.010184764862060547, 0.0010292530059814453]"
"[0.010702848434448242, 0.0008046627044677734]"
"[0.011177778244018555, 0.001270294189453125]"
"[0.010272502899169922, 0.0008423328399658203]"
"[0.01043248176574707, 0.0006740093231201172]"
"[0.011439323425292969, 0.0018701553344726562]"
"[0.011524677276611328, 0.0008513927459716797]"
"[0.010370016098022461, 0.002164125442504883]"
"[0.010747194290161133, 0.0018818378448486328]"
"[0.010344505310058594, 0.0008993148803710938]"
"[0.01099538803100586, 0.005040645599365234]"
"[0.010240793228149414, 0.0007979869842529297]"
"[0.010603904724121094, 0.001369476318359375]"
"[0.010015010833740234, 0.0007724761962890625]"
"[0.010343074798583984, 0.0007290840148925781]"
"[0.011312484741210938, 0.0012896060943603516]"
"[0.010907888412475586, 0.004298686981201172]"
"[0.01061391830444336, 0.0007414817810058594]"
"[0.010407686233520508, 0.0011425018310546875]"
"[0.010349512100219727, 0.0007615089416503906]"
"[0.010472297668457031, 0.0010194778442382812]"
"[0.010281562805175781, 0.000858306884765625]"
"[0.010384559631347656, 0.0006618499755859375]"
"[0.010734319686889648, 0.0008490085601806641]"
"[0.01120758056640625, 0.0016846656799316406]"
"[0.019338369369506836, 0.0025582313537597656]"
"[0.015495061874389648, 0.004615068435668945]"
"[0.01311182975769043, 0.0010514259338378906]"
"[0.011814355850219727, 0.002537250518798828]"
"[0.010715961456298828, 0.0009927749633789062]"
"[0.010853052139282227, 0.0007805824279785156]"
"[0.011201620101928711, 0.001096487045288086]"
"[0.011792659759521484, 0.0008959770202636719]"
"[0.010047197341918945, 0.0013742446899414062]"
"[0.010417938232421875, 0.0006983280181884766]"
"[0.011141300201416016, 0.0020830631256103516]"
"[0.014027118682861328, 0.0008094310760498047]"
"[0.015476465225219727, 0.001203775405883789]"
"[0.017050981521606445, 0.0016429424285888672]"
"[0.017180442810058594, 0.0010371208190917969]"
"[0.016885995864868164, 0.0028357505798339844]"
"[0.020279407501220703, 0.0029611587524414062]"
"[0.020212888717651367, 0.0021903514862060547]"
"[0.01256108283996582, 0.002213001251220703]"
"[0.011632204055786133, 0.001161813735961914]"
"[0.010652780532836914, 0.001226186752319336]"
"[0.011907100677490234, 0.002428293228149414]"
"[0.012533426284790039, 0.0010879039764404297]"
"[0.013936996459960938, 0.002404451370239258]"
"[0.01745438575744629, 0.0015194416046142578]"
"[0.015285730361938477, 0.0017993450164794922]"
"[0.014913558959960938, 0.001589059829711914]"
"[0.014839887619018555, 0.002173900604248047]"
"[0.01525735855102539, 0.0014884471893310547]"
"[0.014188051223754883, 0.0013918876647949219]"
"[0.010540962219238281, 0.0007791519165039062]"
"[0.010532855987548828, 0.0007193088531494141]"
"[0.010625839233398438, 0.0007948875427246094]"
"[0.010066747665405273, 0.0009515285491943359]"
"[0.010198354721069336, 0.0007686614990234375]"
"[0.010185718536376953, 0.0007839202880859375]"
"[0.010667085647583008, 0.0008144378662109375]"
"[0.010269880294799805, 0.0006906986236572266]"
"[0.010361194610595703, 0.0008625984191894531]"
"[0.010199785232543945, 0.0013992786407470703]"
